ID,Item title,Final URL,Image URL,Item subtitle,Item category,Price,Contextual keywords,Item address
63530,ŠKODA OCTAVIA COMBI,https://sklep.skoda-auto.pl/skoda-octavia-combi-1-5-tsi-110-kw-150-km-6-biegowa-manualna-czern-magic-metalizowany-tmbjr7nx9ny014805.html,https://sklep.skoda-auto.pl/media/catalog/product/cache/779e34063ea37c481ddb6652b1f2b61e/8/c/8c7a4b8de3a1ff28b2b7f0a6a6c70e76-TMBJR7NX9NY014805-EF.png,OCTAVIA COMBI AMBITION  Manualna  1.5 TSI 150 KM,Pojazdy i części,111500 PLN,OCTAVIA COMBI SAMOCHÓD SKODA,Modlińska 224 Warszawa 03-119
63103,ŠKODA OCTAVIA COMBI,https://sklep.skoda-auto.pl/skoda-octavia-combi-1-5-tsi-110-kw-150-km-6-biegowa-manualna-szary-quarz-metalizowany-tmbjr7nx0my192438.html,https://sklep.skoda-auto.pl/media/catalog/product/cache/779e34063ea37c481ddb6652b1f2b61e/3/5/35069b6c3c8aadf257fcbf794ad5a16b-TMBJR7NX0MY192438-EF.png,OCTAVIA COMBI STYLE  Manualna  1.5 TSI 150 KM,Pojazdy i części,117000 PLN,OCTAVIA COMBI SAMOCHÓD SKODA,Modlińska 224 Warszawa 03-119
63062,ŠKODA OCTAVIA COMBI,https://sklep.skoda-auto.pl/skoda-octavia-combi-1-5-tsi-110-kw-150-km-6-biegowa-manualna-biel-moon-metalizowany-tmbjr7nx5ny007737.html,https://sklep.skoda-auto.pl/media/catalog/product/cache/779e34063ea37c481ddb6652b1f2b61e/0/2/02eac604193fec091e2a4345337ebc9c-TMBJR7NX5NY007737-EF.png,OCTAVIA COMBI STYLE  Manualna  1.5 TSI 150 KM,Pojazdy i części,124600 PLN,OCTAVIA COMBI SAMOCHÓD SKODA,Hutnicza 2 A Lubin 59-300
62799,ŠKODA OCTAVIA COMBI,https://sklep.skoda-auto.pl/skoda-octavia-combi-2-0-tdi-85-kw-115-km-6-biegowa-manualna-biel-moon-metalizowany-tmbjg7nxxmy183199.html,https://sklep.skoda-auto.pl/media/catalog/product/cache/779e34063ea37c481ddb6652b1f2b61e/6/d/6d92d951c12a2b7f0f63cfe83e38266f-TMBJG7NXXMY183199-EF.png,OCTAVIA COMBI AMBITION  Manualna  2.0 TDI 115 KM,Pojazdy i części,118750 PLN,OCTAVIA COMBI SAMOCHÓD SKODA,Piasecka 20 A Świdnik 21-040
63388,ŠKODA OCTAVIA COMBI,https://sklep.skoda-auto.pl/skoda-octavia-combi-2-0-tdi-110-kw-150-km-6-biegowa-manualna-czern-magic-metalizowany-tmbjj7nxxny011970.html,https://sklep.skoda-auto.pl/media/catalog/product/cache/779e34063ea37c481ddb6652b1f2b61e/d/8/d85c85715c113f8063b6ce8daa423372-TMBJJ7NXXNY011970-EF.png,OCTAVIA COMBI STYLE  Manualna  2.0 TDI 150 KM,Pojazdy i części,140200 PLN,OCTAVIA COMBI SAMOCHÓD SKODA,Jerozolimskie 249b Opacz Kolonia 05-816
62005,ŠKODA SCALA,https://sklep.skoda-auto.pl/skoda-scala-1-5-tsi-110-kw-150-km-6-biegowa-manualna-blekit-race-metalizowany-tmbek6nw5m3126116.html,https://sklep.skoda-auto.pl/media/catalog/product/cache/779e34063ea37c481ddb6652b1f2b61e/2/f/2f05446f5b621505ca27c8a2dbc17304-TMBEK6NW5M3126116-EF.png,SCALA STYLE  Manualna  1.5 TSI 150 KM,Pojazdy i części,103350 PLN,SCALA SAMOCHÓD SKODA,Połczyńska 125 Warszawa 01-303
61159,ŠKODA SCALA,https://sklep.skoda-auto.pl/skoda-scala-1-5-tsi-110-kw-150-km-6-biegowa-manualna-szary-quartz-metalizowany-tmbek6nw6m3108515.html,https://sklep.skoda-auto.pl/media/catalog/product/cache/779e34063ea37c481ddb6652b1f2b61e/1/0/10915d33487fb5b5291d0bd7c584ac30-TMBEK6NW6M3108515-EF.png,SCALA STYLE  Manualna  1.5 TSI 150 KM,Pojazdy i części,105250 PLN,SCALA SAMOCHÓD SKODA,Połczyńska 125 Warszawa 01-303
63653,ŠKODA SUPERB SPORTLINE,https://sklep.skoda-auto.pl/skoda-superb-sportline-2-0-tdi-147-kw-200-km-7-biegowa-automatyczna-dsg-szary-steel-niemetalizowany-tmbar7np8m7078953.html,https://sklep.skoda-auto.pl/media/catalog/product/cache/779e34063ea37c481ddb6652b1f2b61e/5/3/53e1289360ea27fa4334bb34609db81e-TMBAR7NP8M7078953-EF.png,SUPERB SPORTLINE SPORTLINE  Automatyczna  2.0 TDI 200 KM,Pojazdy i części,188700 PLN,SUPERB SPORTLINE SAMOCHÓD SKODA,Hutnicza 2 A Lubin 59-300
63467,ŠKODA FABIA COMBI CLASSIC,https://sklep.skoda-auto.pl/skoda-fabia-combi-classic-1-0-mpi-44-kw-60-km-5-biegowa-manualna-blekit-energy-niemetalizowany-tmbja6nj2nz010389.html,https://sklep.skoda-auto.pl/media/catalog/product/cache/779e34063ea37c481ddb6652b1f2b61e/9/4/94e449544df9174a5733d432fd2de961-TMBJA6NJ2NZ010389-EF.png,FABIA COMBI CLASSIC AMBITION  Manualna  1.0 MPI 60 KM,Pojazdy i części,61400 PLN,FABIA COMBI CLASSIC SAMOCHÓD SKODA,Warszawska 84 Stojadła 05-300
63180,ŠKODA FABIA COMBI CLASSIC,https://sklep.skoda-auto.pl/skoda-fabia-combi-classic-1-0-tsi-70-kw-95-km-5-biegowa-manualna-biel-candy-niemetalizowany-tmbjp6nj0nz008073.html,https://sklep.skoda-auto.pl/media/catalog/product/cache/779e34063ea37c481ddb6652b1f2b61e/3/d/3d81361ff9482fef5e9ca7111bef83a7-TMBJP6NJ0NZ008073-EF.png,FABIA COMBI CLASSIC AMBITION  Manualna  1.0 TSI 95 KM,Pojazdy i części,67250 PLN,FABIA COMBI CLASSIC SAMOCHÓD SKODA,Opolska 2c Opole 45-960
63572,ŠKODA FABIA COMBI CLASSIC,https://sklep.skoda-auto.pl/skoda-fabia-combi-classic-1-0-tsi-70-kw-95-km-5-biegowa-manualna-srebrny-brillant-metalizowany-tmbjp6nj3nz007810.html,https://sklep.skoda-auto.pl/media/catalog/product/cache/779e34063ea37c481ddb6652b1f2b61e/2/8/288f422a6d40d94720e503c2527dc242-TMBJP6NJ3NZ007810-EF.png,FABIA COMBI CLASSIC AMBITION  Manualna  1.0 TSI 95 KM,Pojazdy i części,68450 PLN,FABIA COMBI CLASSIC SAMOCHÓD SKODA,Krakowska 5/A Falenty 05-090
63573,ŠKODA FABIA COMBI CLASSIC,https://sklep.skoda-auto.pl/skoda-fabia-combi-classic-1-0-tsi-70-kw-95-km-5-biegowa-manualna-srebrny-brillant-metalizowany-tmbjp6nj4nz007797.html,https://sklep.skoda-auto.pl/media/catalog/product/cache/779e34063ea37c481ddb6652b1f2b61e/2/8/288f422a6d40d94720e503c2527dc242-TMBJP6NJ4NZ007797-EF.png,FABIA COMBI CLASSIC AMBITION  Manualna  1.0 TSI 95 KM,Pojazdy i części,68450 PLN,FABIA COMBI CLASSIC SAMOCHÓD SKODA,Krakowska 5/A Falenty 05-090
63207,ŠKODA FABIA COMBI CLASSIC,https://sklep.skoda-auto.pl/skoda-fabia-combi-classic-1-0-tsi-70-kw-95-km-5-biegowa-manualna-szary-quarz-metalizowany-tmbjp6njxnz008047.html,https://sklep.skoda-auto.pl/media/catalog/product/cache/779e34063ea37c481ddb6652b1f2b61e/0/4/044a856e69aa68db6e6612f98f731b43-TMBJP6NJXNZ008047-EF.png,FABIA COMBI CLASSIC AMBITION  Manualna  1.0 TSI 95 KM,Pojazdy i części,68500 PLN,FABIA COMBI CLASSIC SAMOCHÓD SKODA,Obornicka 249 Poznań 60-693
63164,ŠKODA FABIA COMBI CLASSIC,https://sklep.skoda-auto.pl/skoda-fabia-combi-classic-1-0-tsi-70-kw-95-km-5-biegowa-manualna-szary-quarz-metalizowany-tmbjp6nj5nz007517.html,https://sklep.skoda-auto.pl/media/catalog/product/cache/779e34063ea37c481ddb6652b1f2b61e/0/4/044a856e69aa68db6e6612f98f731b43-TMBJP6NJ5NZ007517-EF.png,FABIA COMBI CLASSIC AMBITION  Manualna  1.0 TSI 95 KM,Pojazdy i części,68500 PLN,FABIA COMBI CLASSIC SAMOCHÓD SKODA,Obornicka 249 Poznań 60-693
63725,ŠKODA FABIA COMBI CLASSIC,https://sklep.skoda-auto.pl/skoda-fabia-combi-classic-1-0-tsi-70-kw-95-km-5-biegowa-manualna-blekit-race-metalizowany-tmbjp6nj0nz010731.html,https://sklep.skoda-auto.pl/media/catalog/product/cache/779e34063ea37c481ddb6652b1f2b61e/d/0/d0843f933f4285d1ec437d6bd4931be9-TMBJP6NJ0NZ010731-EF.png,FABIA COMBI CLASSIC AMBITION  Manualna  1.0 TSI 95 KM,Pojazdy i części,68500 PLN,FABIA COMBI CLASSIC SAMOCHÓD SKODA,Makuszyńskiego 74/76 Częstochowa 42-209
63208,ŠKODA FABIA COMBI CLASSIC,https://sklep.skoda-auto.pl/skoda-fabia-combi-classic-1-0-tsi-70-kw-95-km-5-biegowa-manualna-szary-quarz-metalizowany-tmbjp6nj0nz008011.html,https://sklep.skoda-auto.pl/media/catalog/product/cache/779e34063ea37c481ddb6652b1f2b61e/0/4/044a856e69aa68db6e6612f98f731b43-TMBJP6NJ0NZ008011-EF.png,FABIA COMBI CLASSIC AMBITION  Manualna  1.0 TSI 95 KM,Pojazdy i części,68500 PLN,FABIA COMBI CLASSIC SAMOCHÓD SKODA,Obornicka 249 Poznań 60-693
63322,ŠKODA FABIA COMBI CLASSIC,https://sklep.skoda-auto.pl/skoda-fabia-combi-classic-1-0-mpi-44-kw-60-km-5-biegowa-manualna-srebrny-brillant-metalizowany-tmbja6nj1nz009251.html,https://sklep.skoda-auto.pl/media/catalog/product/cache/779e34063ea37c481ddb6652b1f2b61e/7/d/7dbe8cada16b8532383e7353f0e0e6c3-TMBJA6NJ1NZ009251-EF.png,FABIA COMBI CLASSIC AMBITION  Manualna  1.0 MPI 60 KM,Pojazdy i części,63850 PLN,FABIA COMBI CLASSIC SAMOCHÓD SKODA,Hutnicza 2 A Lubin 59-300
63558,ŠKODA FABIA COMBI CLASSIC,https://sklep.skoda-auto.pl/skoda-fabia-combi-classic-1-0-tsi-70-kw-95-km-5-biegowa-manualna-szary-quarz-metalizowany-tmbjp6nj8nz007883.html,https://sklep.skoda-auto.pl/media/catalog/product/cache/779e34063ea37c481ddb6652b1f2b61e/2/b/2bd565a3c2be3f7563b91079017e623c-TMBJP6NJ8NZ007883-EF.png,FABIA COMBI CLASSIC AMBITION  Manualna  1.0 TSI 95 KM,Pojazdy i części,68900 PLN,FABIA COMBI CLASSIC SAMOCHÓD SKODA,Obornicka 249 Poznań 60-693
63554,ŠKODA FABIA COMBI CLASSIC,https://sklep.skoda-auto.pl/skoda-fabia-combi-classic-1-0-tsi-70-kw-95-km-5-biegowa-manualna-biel-moon-metalizowany-tmbjp6nj5nz007579.html,https://sklep.skoda-auto.pl/media/catalog/product/cache/779e34063ea37c481ddb6652b1f2b61e/e/8/e8174d263dce35abca80375e044780f6-TMBJP6NJ5NZ007579-EF.png,FABIA COMBI CLASSIC AMBITION  Manualna  1.0 TSI 95 KM,Pojazdy i części,68900 PLN,FABIA COMBI CLASSIC SAMOCHÓD SKODA,Opolska 2c Opole 45-960
63362,ŠKODA FABIA COMBI CLASSIC,https://sklep.skoda-auto.pl/skoda-fabia-combi-classic-1-0-mpi-44-kw-60-km-5-biegowa-manualna-blekit-race-metalizowany-tmbja6nj9nz009126.html,https://sklep.skoda-auto.pl/media/catalog/product/cache/779e34063ea37c481ddb6652b1f2b61e/7/1/71267867527ba512eb180d8a31905d8b-TMBJA6NJ9NZ009126-EF.png,FABIA COMBI CLASSIC AMBITION  Manualna  1.0 MPI 60 KM,Pojazdy i części,64950 PLN,FABIA COMBI CLASSIC SAMOCHÓD SKODA,Makuszyńskiego 74/76 Częstochowa 42-209
63425,ŠKODA FABIA COMBI CLASSIC,https://sklep.skoda-auto.pl/skoda-fabia-combi-classic-1-0-tsi-70-kw-95-km-5-biegowa-manualna-srebrny-brillant-metalizowany-tmbjp6nj2nz009614.html,https://sklep.skoda-auto.pl/media/catalog/product/cache/779e34063ea37c481ddb6652b1f2b61e/1/b/1bb210e913b1876fbd9fc20864584f4b-TMBJP6NJ2NZ009614-EF.png,FABIA COMBI CLASSIC AMBITION  Manualna  1.0 TSI 95 KM,Pojazdy i części,69850 PLN,FABIA COMBI CLASSIC SAMOCHÓD SKODA,Opolska 2c Opole 45-960
63266,ŠKODA FABIA COMBI CLASSIC,https://sklep.skoda-auto.pl/skoda-fabia-combi-classic-1-0-tsi-70-kw-95-km-5-biegowa-manualna-szary-quarz-metalizowany-tmbjp6nj2nz008771.html,https://sklep.skoda-auto.pl/media/catalog/product/cache/779e34063ea37c481ddb6652b1f2b61e/2/b/2bc90a6cd7e2093527020c54875d28dd-TMBJP6NJ2NZ008771-EF.png,FABIA COMBI CLASSIC AMBITION  Manualna  1.0 TSI 95 KM,Pojazdy i części,69850 PLN,FABIA COMBI CLASSIC SAMOCHÓD SKODA,Opolska 2c Opole 45-960
